topic_id,title,url,first_record_date,post_count_in_scrape,reply_count,views,relevance_score,relevance_category,theme_count,active_themes,T1_ui_selector_breakage,T2_data_model_transaction_change,T3_auth_landscape_access,T4_timing_reliability,T5_adaptation_method,T6_governance_change_management,T7_business_impact,T8_strategy_decision
284095,Maximize SAP Investments with UiPath Automation and Testing,https://forum.uipath.com/t/maximize-sap-investments-with-uipath-automation-and-testing/284095,2021-01-18,17,12,3562,3,direct_migration_adaptation,2,Data model / transaction change; Adaptation method,0,1,0,0,1,0,0,0
414942,SAP RfcCommunicationException Fetch BAPI arguments,https://forum.uipath.com/t/sap-rfccommunicationexception-fetch-bapi-arguments/414942,2022-04-13,4,1,2954,3,direct_migration_adaptation,3,Data model / transaction change; Timing / reliability; Adaptation method,0,1,0,1,1,0,0,0
99942,SAP S/4 Hana Integration with UiPath,https://forum.uipath.com/t/sap-s-4-hana-integration-with-uipath/99942,2019-03-06,4,0,2106,3,direct_migration_adaptation,2,Governance / change management; Business impact,0,0,0,0,0,1,1,0
287981,UiPath Supports SAP ® WinGUI 7.70 | UiPath,https://forum.uipath.com/t/uipath-supports-sap-wingui-7-70-uipath/287981,2021-02-02,2,0,1737,3,direct_migration_adaptation,3,UI / selector breakage; Data model / transaction change; Adaptation method,1,1,0,0,1,0,0,0
580932,SAP BAPI Activities Package,https://forum.uipath.com/t/sap-bapi-activities-package/580932,2023-09-08,7,2,1300,3,direct_migration_adaptation,2,UI / selector breakage; Data model / transaction change,1,1,0,0,0,0,0,0
512506,UiPath Supports the Latest SAP® WinGUI 8.00 and SAP Business Client 8.00,https://forum.uipath.com/t/uipath-supports-the-latest-sap-wingui-8-00-and-sap-business-client-8-00/512506,2023-01-31,1,0,896,3,direct_migration_adaptation,5,UI / selector breakage; Data model / transaction change; Adaptation method; Governance / change management; Strategy decision,1,1,0,0,1,1,0,1
395888,How CIOs Can Achieve End-to-End Automation,https://forum.uipath.com/t/how-cios-can-achieve-end-to-end-automation/395888,2022-02-01,1,0,882,3,direct_migration_adaptation,5,Data model / transaction change; Auth / landscape / access; Adaptation method; Governance / change management; Business impact,0,1,1,0,1,1,1,0
329818,"Process Automation in SAP S/4HANA® – Hopes, Drivers, and Action",https://forum.uipath.com/t/process-automation-in-sap-s-4hana-hopes-drivers-and-action/329818,2021-07-14,1,0,801,3,direct_migration_adaptation,4,Timing / reliability; Adaptation method; Business impact; Strategy decision,0,0,0,1,1,0,1,1
333588,Maximize your SAP® investment with automation and testing from UiPath,https://forum.uipath.com/t/maximize-your-sap-investment-with-automation-and-testing-from-uipath/333588,2021-07-29,1,0,773,3,direct_migration_adaptation,4,UI / selector breakage; Auth / landscape / access; Adaptation method; Business impact,1,0,1,0,1,0,1,0
514258,EDF Renewables Automates 90% of Their SAP Testing with UiPath Test Suite,https://forum.uipath.com/t/edf-renewables-automates-90-of-their-sap-testing-with-uipath-test-suite/514258,2023-02-06,1,0,758,3,direct_migration_adaptation,3,Adaptation method; Governance / change management; Business impact,0,0,0,0,1,1,1,0
550403,SAP S/4HANA Migration with UiPath RPA,https://forum.uipath.com/t/sap-s-4hana-migration-with-uipath-rpa/550403,2023-06-01,3,0,747,3,direct_migration_adaptation,1,Adaptation method,0,0,0,0,1,0,0,0
259860,SAPinsider Survey Results on Process Automation in SAP S/4HANA | UiPath,https://forum.uipath.com/t/sapinsider-survey-results-on-process-automation-in-sap-s-4hana-uipath/259860,2020-10-02,1,0,722,3,direct_migration_adaptation,4,Timing / reliability; Adaptation method; Business impact; Strategy decision,0,0,0,1,1,0,1,1
333587,"Packed RPA Presentations, Robot Races, and More: SAPPHIRE NOW Day 1 Highlights",https://forum.uipath.com/t/packed-rpa-presentations-robot-races-and-more-sapphire-now-day-1-highlights/333587,2021-07-29,1,0,685,3,direct_migration_adaptation,2,Business impact; Strategy decision,0,0,0,0,0,0,1,1
5748191,🎮 Community Scenario Challenge: What would you do with UiPath for Coding Agents?,https://forum.uipath.com/t/community-scenario-challenge-what-would-you-do-with-uipath-for-coding-agents/5748191,2026-05-22,11,1,669,3,direct_migration_adaptation,8,UI / selector breakage; Data model / transaction change; Auth / landscape / access; Timing / reliability; Adaptation method; Governance / change management; Business impact; Strategy decision,1,1,1,1,1,1,1,1
333589,Discover the Power of RPA and SAP Together: Join UiPath at SAPPHIRE NOW,https://forum.uipath.com/t/discover-the-power-of-rpa-and-sap-together-join-uipath-at-sapphire-now/333589,2021-07-29,1,0,661,3,direct_migration_adaptation,2,UI / selector breakage; Strategy decision,1,0,0,0,0,0,0,1
257836,SAPinsider Survey Results on Process Automation in SAP S/4HANA | UiPath,https://forum.uipath.com/t/sapinsider-survey-results-on-process-automation-in-sap-s-4hana-uipath/257836,2020-09-23,1,0,644,3,direct_migration_adaptation,4,Timing / reliability; Adaptation method; Business impact; Strategy decision,0,0,0,1,1,0,1,1
333592,Building Intelligent Enterprise: How RPA Takes Your SAP Applications to the Next Level,https://forum.uipath.com/t/building-intelligent-enterprise-how-rpa-takes-your-sap-applications-to-the-next-level/333592,2021-07-29,1,0,632,3,direct_migration_adaptation,1,Business impact,0,0,0,0,0,0,1,0
333584,4 Key Takeaways from SAPPHIRE NOW 2019,https://forum.uipath.com/t/4-key-takeaways-from-sapphire-now-2019/333584,2021-07-29,1,0,610,3,direct_migration_adaptation,1,Strategy decision,0,0,0,0,0,0,0,1
333590,How RPA Transforms Data Migration,https://forum.uipath.com/t/how-rpa-transforms-data-migration/333590,2021-07-29,1,0,610,3,direct_migration_adaptation,5,Data model / transaction change; Auth / landscape / access; Adaptation method; Business impact; Strategy decision,0,1,1,0,1,0,1,1
333580,Debunking RPA Myths: Getting Started with Automation is Not Difficult,https://forum.uipath.com/t/debunking-rpa-myths-getting-started-with-automation-is-not-difficult/333580,2021-07-29,1,0,552,3,direct_migration_adaptation,5,Data model / transaction change; Auth / landscape / access; Timing / reliability; Adaptation method; Business impact,0,1,1,1,1,0,1,0
557945,In my current project we are using SAP Application. Now SAP team want's to upgrade/Migrate it to SAP S/4HANA Application?,https://forum.uipath.com/t/in-my-current-project-we-are-using-sap-application-now-sap-team-wants-to-upgrade-migrate-it-to-sap-s-4hana-application/557945,2023-06-27,5,3,413,3,direct_migration_adaptation,2,Adaptation method; Strategy decision,0,0,0,0,1,0,0,1
820603,SAP(desktop) to S4 Hana Migration,https://forum.uipath.com/t/sap-desktop-to-s4-hana-migration/820603,2025-01-15,5,1,212,3,direct_migration_adaptation,2,Adaptation method; Strategy decision,0,0,0,0,1,0,0,1
812313,Accelerating SAP S/4HANA Migration with AI-Powered Test Automation: The QuidelOrtho Approach,https://forum.uipath.com/t/accelerating-sap-s-4hana-migration-with-ai-powered-test-automation-the-quidelortho-approach/812313,2025-01-10,1,0,69,3,direct_migration_adaptation,1,Adaptation method,0,0,0,0,1,0,0,0
4376580,UiPath Accelerator for SAP S/4HANA for Manufacturing,https://forum.uipath.com/t/uipath-accelerator-for-sap-s-4hana-for-manufacturing/4376580,2025-08-13,2,0,54,3,direct_migration_adaptation,4,Timing / reliability; Adaptation method; Business impact; Strategy decision,0,0,0,1,1,0,1,1
352142,UiPath Community 2021.10 Stable Release - SAP Automation,https://forum.uipath.com/t/uipath-community-2021-10-stable-release-sap-automation/352142,2021-10-11,5,1,3890,2,sap_s4hana_technical_context,5,UI / selector breakage; Data model / transaction change; Timing / reliability; Adaptation method; Governance / change management,1,1,0,1,1,1,0,0
316172,SAP 760 Uipath Selector are not reliable,https://forum.uipath.com/t/sap-760-uipath-selector-are-not-reliable/316172,2021-05-19,15,11,2109,2,sap_s4hana_technical_context,6,UI / selector breakage; Data model / transaction change; Adaptation method; Governance / change management; Business impact; Strategy decision,1,1,0,0,1,1,1,1
472677,UiPath Accelerator for SAP S/4HANA for Sales,https://forum.uipath.com/t/uipath-accelerator-for-sap-s-4hana-for-sales/472677,2022-09-13,2,0,1110,2,sap_s4hana_technical_context,5,UI / selector breakage; Data model / transaction change; Auth / landscape / access; Adaptation method; Business impact,1,1,1,0,1,0,1,0
342188,Database table prologa,https://forum.uipath.com/t/database-table-prologa/342188,2021-09-02,3,0,1073,2,sap_s4hana_technical_context,1,Data model / transaction change,0,1,0,0,0,0,0,0
569283,How to setup SAP Heatmap,https://forum.uipath.com/t/how-to-setup-sap-heatmap/569283,2023-08-02,2,0,1007,2,sap_s4hana_technical_context,5,UI / selector breakage; Data model / transaction change; Timing / reliability; Adaptation method; Business impact,1,1,0,1,1,0,1,0
472700,UiPath Accelerator for SAP for Sales(S/HANA),https://forum.uipath.com/t/uipath-accelerator-for-sap-for-sales-s-hana/472700,2022-09-13,2,0,907,2,sap_s4hana_technical_context,5,UI / selector breakage; Data model / transaction change; Auth / landscape / access; Adaptation method; Business impact,1,1,1,0,1,0,1,0
470358,Assembly errors in SAP BAPI Activity,https://forum.uipath.com/t/assembly-errors-in-sap-bapi-activity/470358,2022-09-05,4,0,835,2,sap_s4hana_technical_context,2,Data model / transaction change; Timing / reliability,0,1,0,1,0,0,0,0
297121,SAP Customers - How To Become A Fully Automated Enterprise | UiPath,https://forum.uipath.com/t/sap-customers-how-to-become-a-fully-automated-enterprise-uipath/297121,2021-03-10,1,0,717,2,sap_s4hana_technical_context,6,Data model / transaction change; Auth / landscape / access; Timing / reliability; Adaptation method; Governance / change management; Business impact,0,1,1,1,1,1,1,0
329760,How SAP® Customers Can Become Fully Automated Enterprises,https://forum.uipath.com/t/how-sap-customers-can-become-fully-automated-enterprises/329760,2021-07-14,1,0,563,2,sap_s4hana_technical_context,6,Data model / transaction change; Auth / landscape / access; Timing / reliability; Adaptation method; Governance / change management; Business impact,0,1,1,1,1,1,1,0
778588,Need to do SAP testing,https://forum.uipath.com/t/need-to-do-sap-testing/778588,2024-11-11,9,4,181,2,sap_s4hana_technical_context,3,UI / selector breakage; Data model / transaction change; Adaptation method,1,1,0,0,1,0,0,0
877129,Seamless SAP S/4HANA & UiPath Integration: OData Connection Setup Guide! 🚀,https://forum.uipath.com/t/seamless-sap-s-4hana-uipath-integration-odata-connection-setup-guide/877129,2025-02-17,1,0,127,2,sap_s4hana_technical_context,1,Data model / transaction change,0,1,0,0,0,0,0,0
341999,📢 UiPath Technology Integration Series 2,https://forum.uipath.com/t/uipath-technology-integration-series-2/341999,2021-09-02,2,0,1179,1,sap_automation_context,0,,0,0,0,0,0,0,0,0
789281,How To Automate SAP S/4HANA Login using UiPath (Tutorial),https://forum.uipath.com/t/how-to-automate-sap-s-4hana-login-using-uipath-tutorial/789281,2024-12-13,1,0,79,1,sap_automation_context,1,Auth / landscape / access,0,0,1,0,0,0,0,0
